Date,Open,High,Low,Close,Volume,Dividends,Stock Splits,returns
2025-01-13 00:00:00-05:00,605.1916106669787,607.0557276203978,596.5688376806378,606.4177856445312,10785000,0.0,0.0,-0.01230199649046464
2025-01-14 00:00:00-05:00,603.1679523273406,603.5866150091213,586.6998639533412,592.3819580078125,13598000,0.0,0.0,-0.02341753761686868
2025-01-15 00:00:00-05:00,608.2918626953108,620.5033555415417,604.5935029582943,615.1801147460938,15524300,0.0,0.0,0.037763468264539975
2025-01-16 00:00:00-05:00,609.5778014543201,614.3128702309481,607.7934500715568,609.37841796875,8355300,0.0,0.0,-0.009475643723718855
2025-01-17 00:00:00-05:00,622.0883213436317,623.0054123386464,601.7723798733631,610.8438110351562,17280600,0.0,0.0,0.002401847361975028
2025-01-21 00:00:00-05:00,615.8879054164239,619.5463519549992,607.0956232572347,614.522216796875,11674000,0.0,0.0,0.006003784546504783
2025-01-22 00:00:00-05:00,621.3407166057895,631.7080497498704,617.482886369199,621.5401000976562,12274000,0.0,0.0,0.011355347726643417
2025-01-23 00:00:00-05:00,625.3878883324852,634.5988327915112,619.197448317166,634.4493408203125,9910200,0.0,0.0,0.02055701251837002
2025-01-24 00:00:00-05:00,634.3996055778308,649.9505452055507,632.2065087474339,645.4547119140625,19065300,0.0,0.0,0.017197605261795916
2025-01-27 00:00:00-05:00,624.6402872001196,661.7831731182577,623.1350240288891,657.8057250976562,28399200,0.0,0.0,0.018954588992780057
2025-01-28 00:00:00-05:00,663.9064946462431,680.434394086623,657.3969918528114,672.2103271484375,20950100,0.0,0.0,0.021661641262212452
2025-01-29 00:00:00-05:00,672.8782187611764,678.9091891458575,663.5775294568425,674.363525390625,21377800,0.0,0.0,0.0031980423105282844
2025-01-30 00:00:00-05:00,694.6296546921253,708.5557128184324,673.9747533685537,684.8405151367188,29322900,0.0,0.0,0.015416665844887075
2025-01-31 00:00:00-05:00,688.8278971175284,703.082934049854,683.4249514874042,687.0136108398438,19303900,0.0,0.0,0.0031681174836071936
2025-02-03 00:00:00-05:00,673.7853303532094,701.7870595426608,673.1274317559399,695.2676391601562,21415700,0.0,0.0,0.01194275973250329
2025-02-04 00:00:00-05:00,700.2916894800575,705.4853337355161,689.4359076201047,701.9763793945312,13826300,0.0,0.0,0.009602892121032653
2025-02-05 00:00:00-05:00,701.338499801199,715.8826654247008,696.8127924114283,702.6543579101562,17778200,0.0,0.0,0.0009653477604746587
2025-02-06 00:00:00-05:00,703.6611131134636,716.6402049884904,701.2885896343017,709.7518920898438,13080700,0.0,0.0,0.010050357569425869
2025-02-07 00:00:00-05:00,714.5467269625192,722.7309407303161,709.5126138066624,712.27392578125,16427100,0.0,0.0,0.003547103440810569
2025-02-10 00:00:00-05:00,716.3012242622654,718.932940098342,709.0939710353202,715.1448974609375,12904300,0.0,0.0,0.004022611309731142
2025-02-11 00:00:00-05:00,711.077742352479,721.3852053088176,707.8080235680292,717.537353515625,12998000,0.0,0.0,0.003339830973599445
2025-02-12 00:00:00-05:00,713.0515218383842,724.8144176821432,710.3599968194253,723.099853515625,12016500,0.0,0.0,0.00772231567495464
2025-02-13 00:00:00-05:00,719.2519879198333,726.7084557601091,715.7828856053137,726.2698364257812,12569100,0.0,0.0,0.004374298685588846
2025-02-14 00:00:00-05:00,723.8574410856692,738.5809711848887,723.3390562017464,734.3543090820312,16901200,0.0,0.0,0.011070000780417685
2025-02-18 00:00:00-05:00,733.6864641630071,734.6833207719243,704.2193852371487,714.1181640625,21938700,0.0,0.0,-0.027943177536078088
2025-02-19 00:00:00-05:00,701.886719169158,704.7776276936228,693.2041369812721,701.5578002929688,17535500,0.0,0.0,-0.01774515309852331
2025-02-20 00:00:00-05:00,695.088155137264,703.4118828816584,691.4595827411689,692.6558227539062,12587400,0.0,0.0,-0.0127700638774384
2025-02-21 00:00:00-05:00,694.3903766528952,701.6574392501641,680.2150443830811,681.4013061523438,15660400,0.0,0.0,-0.01638180546573282
2025-02-24 00:00:00-05:00,684.122756243814,685.1096345134455,660.3676471383606,666.02978515625,15677000,0.0,0.0,-0.02281703009360917
2025-02-25 00:00:00-05:00,663.8765739042495,665.9002220472909,639.8423754025094,655.4332275390625,20579700,0.0,0.0,-0.016037958910997893
2025-02-26 00:00:00-05:00,657.5764529173535,680.8630075132187,655.9316152590968,671.582275390625,14488700,0.0,0.0,0.02434010015281363
2025-02-27 00:00:00-05:00,680.3047560748793,686.485278775033,655.5029605584499,656.1708374023438,12500000,0.0,0.0,-0.023215355329651403
2025-02-28 00:00:00-05:00,655.9714518798419,667.5250458825946,640.579984557629,666.0995483398438,17534200,0.0,0.0,0.015017953442946702
2025-03-03 00:00:00-05:00,671.5622863758869,679.1084974580099,648.7941177590432,652.9908447265625,10843800,0.0,0.0,-0.019876022501024285
2025-03-04 00:00:00-05:00,643.4809713438153,647.707633972168,621.6896987147629,637.98828125,21495200,0.0,0.0,-0.023243193621899978
2025-03-05 00:00:00-05:00,638.985090470047,657.426937854908,635.6555626035664,654.4064331054688,13770000,0.0,0.0,0.025408700550971042
2025-03-06 00:00:00-05:00,645.9630966353535,648.5150471759833,622.1481771276858,625.9561767578125,13446500,0.0,0.0,-0.044448252309951225
2025-03-07 00:00:00-05:00,623.4041708110899,632.7945424007281,598.7219930959255,623.6932373046875,21375700,0.0,0.0,-0.0036217228627763356
2025-03-10 00:00:00-04:00,606.1586224627868,608.1921880983464,585.0252495931782,596.1102905273438,21999900,0.0,0.0,-0.04523293944177194
2025-03-11 00:00:00-04:00,593.1795048947525,612.9970188777876,591.4649407555324,603.8060302734375,17401500,0.0,0.0,0.012827303260447271
2025-03-12 00:00:00-04:00,627.9199500067502,631.3391605894193,607.4344997247063,617.6124267578125,15747000,0.0,0.0,0.02260811512751443
2025-03-13 00:00:00-04:00,618.300295022882,618.549509168397,584.666363679096,588.7833862304688,16480300,0.0,0.0,-0.047802768857778496
2025-03-14 00:00:00-04:00,601.43972556622,607.4860482974414,593.4378646925935,606.2288818359375,12364500,0.525,0.0,0.02919925686387743
2025-03-17 00:00:00-04:00,606.0891936692743,611.716419847394,596.6505197119633,603.5349731445312,15473900,0.0,0.0,-0.004453618171937925
2025-03-18 00:00:00-04:00,598.695920754158,598.895481615564,573.3632009688982,581.0458374023438,20297700,0.0,0.0,-0.03797434166810025
2025-03-19 00:00:00-04:00,582.9616006660708,590.9834364727485,573.473050249603,582.7420654296875,20537500,0.0,0.0,0.0029150143670169993
2025-03-20 00:00:00-04:00,581.4449335433823,608.8230139342973,578.2022676048324,584.6776123046875,24336500,0.0,0.0,0.003315943161551196
2025-03-21 00:00:00-04:00,582.1034753081934,596.1916081624212,579.6390781803701,594.904541015625,25015900,0.0,0.0,0.017340352158207725
2025-03-24 00:00:00-04:00,613.5822418688982,621.1351668672481,610.818534005287,617.4534912109375,15741300,0.0,0.0,0.03720279038191593
2025-03-25 00:00:00-04:00,625.3457252697278,632.4496541118687,619.7782994932003,624.896728515625,15312500,0.0,0.0,0.011982653920123916
2025-03-26 00:00:00-04:00,623.479902445872,625.3356905979604,605.2411234358802,609.6012573242188,12609800,0.0,0.0,-0.02478133479865976
2025-03-27 00:00:00-04:00,600.6415676163016,612.8639250968658,598.745830668508,601.2202758789062,10436500,0.0,0.0,-0.013843683919766816
2025-03-28 00:00:00-04:00,598.9554211422102,600.3921742735024,572.6249545466391,575.4385986328125,17602800,0.0,0.0,-0.04382885273093078
2025-03-31 00:00:00-04:00,562.2284810192266,577.3941949049992,552.0514847999954,575.0594482421875,21124700,0.0,0.0,-0.0006591065589042802
2025-04-01 00:00:00-04:00,569.5518496754252,588.5787620697387,568.713718453365,584.6776123046875,12836600,0.0,0.0,0.016587181548014158
2025-04-02 00:00:00-04:00,573.612639602056,591.3225852084037,572.0661494891557,582.6123046875,13470800,0.0,0.0,-0.0035386406449110586
2025-04-03 00:00:00-04:00,544.9873786131755,551.3130986556911,529.1033205063213,530.4203491210938,34777500,0.0,0.0,-0.09385216085490629
2025-04-04 00:00:00-04:00,505.4768143795348,516.8311404448868,493.0848569823107,503.5910949707031,38589800,0.0,0.0,-0.051905184477627944
2025-04-07 00:00:00-04:00,484.0053216518451,538.1528441381656,480.8125306436679,515.0850219726562,36606100,0.0,0.0,0.022567358975718124
2025-04-08 00:00:00-04:00,542.0241297513288,546.1946900687835,501.72525715038495,509.29815673828125,28034200,0.0,0.0,-0.01129836356891596
2025-04-09 00:00:00-04:00,508.1207792653783,586.563392325636,500.9769327422793,584.4481811523438,39216600,0.0,0.0,0.13763450730396154
2025-04-10 00:00:00-04:00,574.1913720884271,579.9882591353082,534.0920601322453,545.0572509765625,28173500,0.0,0.0,-0.06977728517222685
2025-04-11 00:00:00-04:00,534.3015744722139,546.1647580379857,527.3972072394978,542.3433837890625,17642300,0.0,0.0,-0.004991486551293633
2025-04-14 00:00:00-04:00,554.9149903570471,556.5114165099282,527.0879701726936,530.2807006835938,14130900,0.0,0.0,-0.022492859982025857
2025-04-15 00:00:00-04:00,530.9092700648307,536.7261316213554,516.3322523952014,520.3432006835938,15558700,0.0,0.0,-0.018917895091228657
2025-04-16 00:00:00-04:00,507.36253528750194,512.2115538752881,494.5115946838527,501.176513671875,18735100,0.0,0.0,-0.037530233452843495
2025-04-17 00:00:00-04:00,504.1099012067369,506.1552631934533,496.8862480413959,500.3484191894531,14593500,0.0,0.0,-0.0016536676101834111
2025-04-21 00:00:00-04:00,490.22127698998224,492.38639367876976,478.71729620364266,483.56634521484375,16166000,0.0,0.0,-0.034116169997263614
2025-04-22 00:00:00-04:00,490.7600664511802,505.7362053967078,485.26249029169,499.1510925292969,17399400,0.0,0.0,0.03172031643485431
2025-04-23 00:00:00-04:00,527.3374410103529,534.1320723212986,515.3545309290855,519.0960693359375,18173900,0.0,0.0,0.03918013017009209
2025-04-24 00:00:00-04:00,517.5594556288198,532.6952680588365,516.3322506362241,531.9469604492188,13910000,0.0,0.0,0.024454815238054185
2025-04-25 00:00:00-04:00,545.566124111354,548.6192167322417,535.0399425493104,546.0350952148438,17098900,0.0,0.0,0.02613946466178965
2025-04-28 00:00:00-04:00,554.3862228326028,557.2297674992926,539.3701950695558,548.49951171875,15179000,0.0,0.0,0.00450313887345329
2025-04-29 00:00:00-04:00,544.7679463052672,555.3141023170735,542.8921836696377,553.1889038085938,11835000,0.0,0.0,0.008513151895225751
2025-04-30 00:00:00-04:00,537.1851129255415,547.8609194224242,528.305171612182,547.7611694335938,29244000,0.0,0.0,-0.009860171649726598
2025-05-01 00:00:00-04:00,590.7439814787114,591.6120134415539,569.2126599544815,570.9188232421875,31159000,0.0,0.0,0.04140766385039266
2025-05-02 00:00:00-04:00,582.143392314511,602.9762796011632,577.024963745963,595.6727905273438,24739300,0.0,0.0,0.04244447352347884
2025-05-05 00:00:00-04:00,589.8858412822701,601.8488361583287,586.7230116613694,597.917724609375,13887700,0.0,0.0,0.003761653097471637
2025-05-06 00:00:00-04:00,591.1929940245881,594.6850963262071,585.2564079323492,585.9847412109375,10600700,0.0,0.0,-0.02015940987097963
2025-05-07 00:00:00-04:00,589.0277995025451,601.7191276587725,585.3461237925522,595.4632568359375,13139100,0.0,0.0,0.016045935175913826
2025-05-08 00:00:00-04:00,604.9218677784463,609.9205723172726,595.2737054544873,596.6605834960938,14622800,0.0,0.0,0.0020087293320518217
2025-05-09 00:00:00-04:00,602.3577169402795,605.6003835325008,590.3748678564078,591.153076171875,10427300,0.0,0.0,-0.009273418853377097
2025-05-12 00:00:00-04:00,629.4963146177121,638.944977269137,619.628677643235,637.9871215820312,21965100,0.0,0.0,0.07624310152955782
2025-05-13 00:00:00-04:00,644.083302386897,659.4286019389394,641.3794565378789,654.5496826171875,18570800,0.0,0.0,0.025629394205993573
2025-05-14 00:00:00-04:00,659.7179933381154,661.1746598556101,652.8335389149222,657.8721313476562,12348200,0.0,0.0,0.005063091443109469
2025-05-15 00:00:00-04:00,652.8036813375844,655.8268126376665,637.1390953699993,642.4271240234375,14341800,0.0,0.0,-0.023757198490314334
2025-05-16 00:00:00-04:00,636.5204462352993,638.9948305544648,624.7370982869602,638.8950805664062,18519000,0.0,0.0,-0.0055131369621969845
2025-05-19 00:00:00-04:00,626.8323547421304,641.5490713874889,626.3833579870233,638.98486328125,9592400,0.0,0.0,0.00014051823165986196
2025-05-20 00:00:00-04:00,634.5748472134089,637.9072763695222,630.8333091235804,635.662353515625,6743500,0.0,0.0,-0.005213234292151286
2025-05-21 00:00:00-04:00,630.3642681060018,645.150832304797,628.7479287022497,634.06591796875,11464600,0.0,0.0,-0.002514611076955608
2025-05-22 00:00:00-04:00,632.6192119816805,641.7984637515493,629.2867830155565,635.133544921875,8228400,0.0,0.0,0.0016823631527643542
2025-05-23 00:00:00-04:00,622.5918662034928,631.022809904483,621.2449370057717,625.6449584960938,8454100,0.0,0.0,-0.01505223249217012
2025-05-27 00:00:00-04:00,633.9761034753569,641.6288391569669,631.322132840975,640.8705444335938,9508400,0.0,0.0,0.024044426509613925
2025-05-28 00:00:00-04:00,641.1499165908115,649.4112615873161,641.1000415977985,642.1277465820312,9042900,0.0,0.0,0.001959788348319157
2025-05-29 00:00:00-04:00,650.1795649115138,651.8457794764735,638.0569572367845,643.5944213867188,8858800,0.0,0.0,0.002281481143307836
2025-05-30 00:00:00-04:00,641.0501397655987,647.9445199213626,631.3521030687026,646.0288696289062,16241000,0.0,0.0,0.00377544535813383
2025-06-02 00:00:00-04:00,642.9359196596392,671.7407683371362,642.8062081386795,669.3861083984375,15766300,0.0,0.0,0.0355168436319838
2025-06-03 00:00:00-04:00,669.9348713872049,674.0555568287034,663.5293753010757,665.34521484375,11585000,0.0,0.0,-0.006055010218617408
2025-06-04 00:00:00-04:00,667.8096780088563,687.4452625248051,667.0613703936261,686.3976440429688,14031900,0.0,0.0,0.031151089804093944
2025-06-05 00:00:00-04:00,690.0991647687987,692.8130584501095,680.7104262850396,683.0750732421875,13083100,0.0,0.0,-0.004852345399909838
2025-06-06 00:00:00-04:00,694.5990561951916,701.2240874679378,690.3087714429512,696.1356201171875,11728000,0.0,0.0,0.018939727412951534
2025-06-09 00:00:00-04:00,696.8839311085023,703.5987252238476,692.3741111037318,692.4938354492188,12773200,0.0,0.0,-0.005245161699084352
2025-06-10 00:00:00-04:00,699.7673231326536,701.6430856337115,689.9994369756769,700.8150024414062,10850100,0.0,0.0,0.011944610842886227
2025-06-11 00:00:00-04:00,702.1220817843749,707.2704113136799,690.4284966062165,692.5736694335938,9582500,0.0,0.0,-0.011829332729462804
2025-06-12 00:00:00-04:00,691.7355479828731,693.8108714889893,685.4497761885773,691.79541015625,7322700,0.0,0.0,-0.0011243524155593876
2025-06-13 00:00:00-04:00,686.3976556130428,693.00271273635,679.4733132608307,681.3291015625,9274400,0.0,0.0,-0.015244810219097274
2025-06-16 00:00:00-04:00,698.2888218186604,706.097186349852,692.4774795938313,701.0746459960938,13720300,0.525,0.0,0.02856891475903526
2025-06-17 00:00:00-04:00,700.9548121157454,704.9188720421186,695.0236535754563,696.19189453125,10066100,0.0,0.0,-0.006989033514628445
2025-06-18 00:00:00-04:00,697.1405159449071,700.5454731369719,693.8654310237622,694.734130859375,10068300,0.0,0.0,-0.0020961060171532544
2025-06-20 00:00:00-04:00,699.7066745861354,700.7750888089137,677.659531763817,681.3340454101562,22538600,0.0,0.0,-0.01947651907202939
2025-06-23 00:00:00-04:00,682.6721183845542,698.009235646563,677.7394706648903,697.4900512695312,11080100,0.0,0.0,0.023435542403461164
2025-06-24 00:00:00-04:00,703.840534417847,712.1281647182683,701.0646441862544,711.1396484375,13823200,0.0,0.0,0.019380571640627772
2025-06-25 00:00:00-04:00,712.2579843149763,715.5131404309827,704.329803307428,707.6248779296875,9320400,0.0,0.0,-0.004954701971823371
2025-06-26 00:00:00-04:00,713.2963951875835,727.1357448031094,709.9913257897466,725.0089721679688,13964800,0.0,0.0,0.024269910332451704
2025-06-27 00:00:00-04:00,725.4383202717177,734.335027558332,724.7792688020234,732.5377197265625,18775700,0.0,0.0,0.010330803890483393
2025-06-30 00:00:00-04:00,743.4414931754206,746.7865422233173,733.1568401231899,736.9911499023438,15402100,0.0,0.0,0.0060610497709407294
2025-07-01 00:00:00-04:00,735.7829112020786,736.6516110389775,714.3049263192432,718.149169921875,13431200,0.0,0.0,-0.025898578822648264
2025-07-02 00:00:00-04:00,714.2649576351612,719.2275285170003,711.7386953151484,712.507568359375,9336700,0.0,0.0,-0.007886770675809049
2025-07-03 00:00:00-04:00,725.5281745483136,727.9446154194361,713.3563211505465,717.9395141601562,8601700,0.0,0.0,0.007594789037721908
2025-07-07 00:00:00-04:00,716.5315731843128,725.9176023238477,712.4476967305745,717.2804565429688,9457100,0.0,0.0,-0.0009184064839751064
2025-07-08 00:00:00-04:00,720.4956692403485,721.8336399994789,713.7457243829997,719.5969848632812,7770700,0.0,0.0,0.0032243951510164772
2025-07-09 00:00:00-04:00,721.6439452565418,736.4319538163115,721.6439452565418,731.6890258789062,11418000,0.0,0.0,0.016664283612110375
2025-07-10 00:00:00-04:00,730.4608071076664,734.704479422628,718.5285868802704,726.1572265625,9913600,0.0,0.0,-0.007589038771079571
2025-07-11 00:00:00-04:00,721.4243335394181,724.080346484783,708.6434025181652,716.4417724609375,10873900,0.0,0.0,-0.013469579553180918
2025-07-14 00:00:00-04:00,716.5315544248375,726.9160944373699,715.4831299390246,719.8466186523438,8939400,0.0,0.0,0.00474118232876473
2025-07-15 00:00:00-04:00,722.8222937420867,723.3913915043134,708.7632387544227,709.3323974609375,11529500,0.0,0.0,-0.014713917242963767
2025-07-16 00:00:00-04:00,712.3078512596281,712.9069335357998,698.2288692710704,701.8634033203125,13067600,0.0,0.0,-0.010585439496127284
2025-07-17 00:00:00-04:00,703.3412662167694,704.8490277671435,696.0720759709156,700.3656616210938,11803300,0.0,0.0,-0.0021362305292931755
2025-07-18 00:00:00-04:00,701.1445302429636,703.6607977835126,690.6202449112741,703.2314453125,12779800,0.0,0.0,0.004083490425377045
2025-07-21 00:00:00-04:00,705.7476506911312,715.932476351091,704.7092210614702,711.908447265625,9404400,0.0,0.0,0.012263255019556364
2025-07-22 00:00:00-04:00,715.1236815394241,715.5330442831794,700.3656579311477,703.7606201171875,8921100,0.0,0.0,-0.011511047750388552
2025-07-23 00:00:00-04:00,705.3182910497592,713.5660026063329,703.880432607157,712.517578125,8771600,0.0,0.0,0.01236631279841163
2025-07-24 00:00:00-04:00,715.9824289621253,722.5426547237513,712.9369820539731,713.7357788085938,10920800,0.0,0.0,0.0017082532691831901
2025-07-25 00:00:00-04:00,715.8525738749273,719.5770617883383,710.8400895031193,711.618896484375,8271700,0.0,0.0,-0.002970325796548989
2025-07-28 00:00:00-04:00,714.1352096135126,723.6609843506268,711.6189419324959,716.5615844726562,8715700,0.0,0.0,0.006921685021939708
2025-07-29 00:00:00-04:00,718.9279854910714,723.3913008144071,698.8678708582052,698.957763671875,13267000,0.0,0.0,-0.024873878908983932
2025-07-30 00:00:00-04:00,707.0357546566921,707.4451173939698,690.170887478499,694.1749267578125,27077300,0.0,0.0,-0.006866331883643209
2025-07-31 00:00:00-04:00,774.0458414913344,783.5816106103192,764.3702661872821,772.2884521484375,38831100,0.0,0.0,0.10663413832399811
2025-08-01 00:00:00-04:00,759.5973820600149,764.8595554226001,744.2003568990668,748.8933715820312,19028700,0.0,0.0,-0.03076151057280808
2025-08-04 00:00:00-04:00,758.8684883686742,775.6933771870287,757.2808287946278,775.214111328125,15801700,0.0,0.0,0.03454265153428049
2025-08-05 00:00:00-04:00,775.2939526074297,781.9639994147884,761.863966178597,762.3233032226562,11640300,0.0,0.0,-0.016768515729797078
2025-08-06 00:00:00-04:00,768.853609707056,772.488205034118,759.327834976083,770.8406372070312,9733900,0.0,0.0,0.011110907820456517
2025-08-07 00:00:00-04:00,772.3383525306105,773.8461140652291,758.4191051508143,760.6957397460938,9019700,0.0,0.0,-0.01324819442056138
2025-08-08 00:00:00-04:00,761.6144268371896,768.7538063796192,757.4506521481833,768.1546630859375,7320800,0.0,0.0,0.00975763555044512
2025-08-11 00:00:00-04:00,768.9334902466898,772.3084628390361,763.531510748687,764.729736328125,7612000,0.0,0.0,-0.00446861153827057
2025-08-12 00:00:00-04:00,771.849102319645,792.4883102810505,771.2799436630941,788.8237915039062,14563100,0.0,0.0,0.031020478915654164
2025-08-13 00:00:00-04:00,789.9721665216805,794.2757473900336,777.0713578354987,778.9186401367188,8811800,0.0,0.0,-0.012636365476370722
2025-08-14 00:00:00-04:00,776.7218428333804,786.6370510429252,771.3598429397638,780.9655151367188,8116200,0.0,0.0,0.0026243951102297453
2025-08-15 00:00:00-04:00,782.9825648931883,795.0645257736991,779.6575056048304,784.0609130859375,13375400,0.0,0.0,0.003955718484647959
2025-08-18 00:00:00-04:00,773.9360156125421,774.6549143701418,755.4335751910228,766.2274780273438,16513700,0.0,0.0,-0.023007618236744878
2025-08-19 00:00:00-04:00,765.977874147037,766.0277875160474,748.2443062415024,750.3611450195312,12286700,0.0,0.0,-0.020924477031927798
2025-08-20 00:00:00-04:00,746.4570103778062,749.083099657565,729.911672806752,746.6067504882812,11898200,0.0,0.0,-0.005016009246873105
2025-08-21 00:00:00-04:00,743.6012666698691,744.3900685450179,732.0185006665147,737.9995727539062,8876300,0.0,0.0,-0.011595362403358254
2025-08-22 00:00:00-04:00,738.1293678852983,755.7731035460037,733.2966081137474,753.6661987304688,10612700,0.0,0.0,0.021006317054089254
2025-08-25 00:00:00-04:00,753.6961621486424,757.7501148109367,749.0131426125197,752.1784057617188,6861200,0.0,0.0,-0.0019760252132578256
2025-08-26 00:00:00-04:00,749.6821592803592,753.7461069744401,746.8264320177999,752.9772338867188,7601800,0.0,0.0,0.0010614559437708004
2025-08-27 00:00:00-04:00,751.1799307743298,753.0272129802489,741.7340542390842,746.2672729492188,8315400,0.0,0.0,-0.008951182691109881
2025-08-28 00:00:00-04:00,742.8922995313089,751.9288132977724,739.6970516455432,749.99169921875,7468000,0.0,0.0,0.004978327991224309
2025-08-29 00:00:00-04:00,744.1704403453122,746.0276565106426,734.2551707121078,737.6002197265625,9070500,0.0,0.0,-0.01666016862450593
2025-09-02 00:00:00-04:00,724.9589996576248,734.9041924629622,720.655419120511,734.0155029296875,9350900,0.0,0.0,-0.004871820587189913
2025-09-03 00:00:00-04:00,734.9042121918441,739.1478846127889,732.8971950134412,735.95263671875,7699300,0.0,0.0,0.002635614824792557
2025-09-04 00:00:00-04:00,747.4555024338443,760.0267237435045,744.7095967582477,747.535400390625,11439100,0.0,0.0,0.015615898151703693
2025-09-05 00:00:00-04:00,751.4994417417535,756.821523128746,743.9207763942886,751.3297119140625,9663400,0.0,0.0,0.005062923404263567
2025-09-08 00:00:00-04:00,754.8743737770961,765.3687349414048,750.9003191950952,751.1798706054688,13087800,0.0,0.0,-0.00019945471341255598
2025-09-09 00:00:00-04:00,756.3621991005824,765.1590798691678,752.3082462809408,764.5599975585938,10999000,0.0,0.0,0.017655370548280116
2025-09-10 00:00:00-04:00,763.990858904295,764.5600175863916,749.8818911499914,750.8604125976562,12478300,0.0,0.0,-0.01808073598781144
2025-09-11 00:00:00-04:00,753.5264602522736,755.9727638030715,747.2557810059183,749.7820434570312,7923300,0.0,0.0,-0.0014372102053956059
2025-09-12 00:00:00-04:00,747.6151944100551,756.4420593260343,742.6526235095245,754.4650268554688,8248600,0.0,0.0,0.00622636881916469
2025-09-15 00:00:00-04:00,756.3421855933647,772.9175066813722,750.8703641812288,763.5614624023438,10533800,0.0,0.0,0.011984697882414866
2025-09-16 00:00:00-04:00,765.8580156945753,780.1966205012909,763.960820221922,777.8401489257812,11782500,0.0,0.0,0.018527416688991365
2025-09-17 00:00:00-04:00,778.828725718326,782.1238004242355,765.1691000860621,774.5650634765625,9400900,0.0,0.0,-0.00421937556244976
2025-09-18 00:00:00-04:00,779.5875734416616,787.6056471582369,772.2085614820411,779.0883178710938,10955000,0.0,0.0,0.005822749435214127
2025-09-19 00:00:00-04:00,785.2490765825911,789.6225600448605,768.0447499547826,777.2210693359375,23696800,0.0,0.0,-0.0023995864144693915
2025-09-22 00:00:00-04:00,781.2128396094075,785.0896826443245,763.8469978355404,764.5364379882812,11706900,0.525,0.0,-0.01645513967787314
2025-09-23 00:00:00-04:00,768.6231126086477,769.9719880546131,750.4579354131178,754.784423828125,10872600,0.0,0.0,-0.012837509618783147
2025-09-24 00:00:00-04:00,756.8827020619125,760.4897455830934,751.9167814613187,760.0401000976562,8828200,0.0,0.0,0.0069390180511237015
2025-09-25 00:00:00-04:00,752.8360219788784,756.1533238123261,743.9432502397539,748.2996826171875,10591100,0.0,0.0,-0.015567652227074263
2025-09-26 00:00:00-04:00,749.3888277967437,751.3172477286904,736.7491118404043,743.1439208984375,9696300,0.0,0.0,-0.006913814567383431
2025-09-29 00:00:00-04:00,748.1098002440084,750.1681799899285,738.5476529969768,742.794189453125,9246800,0.0,0.0,-0.00047072142417497423
2025-09-30 00:00:00-04:00,741.6451369970716,742.3645209926972,725.7081225297242,733.7815551757812,16226800,0.0,0.0,-0.012207631388299944
2025-10-01 00:00:00-04:00,720.9020135039985,721.2617054862658,709.6212362201944,716.7554321289062,20419600,0.0,0.0,-0.023476691999647574
2025-10-02 00:00:00-04:00,721.9911913779041,727.176964520395,717.5548070653372,726.45751953125,11415300,0.0,0.0,0.013445324960633886
2025-10-03 00:00:00-04:00,729.0354240673363,730.4043027655052,709.6012618171895,709.98095703125,16154300,0.0,0.0,-0.022941859935964155
2025-10-06 00:00:00-04:00,704.6153434967972,716.2958197616522,689.9473135389625,715.0767822265625,21654700,0.0,0.0,0.0071517760648933245
2025-10-07 00:00:00-04:00,717.135073707775,717.9144673294414,705.1748577839295,712.4989013671875,12062900,0.0,0.0,-0.0036115544569888824
2025-10-08 00:00:00-04:00,712.8686286502683,719.063588526951,707.233209995552,717.2550659179688,10790600,0.0,0.0,0.006653147609519006
2025-10-09 00:00:00-04:00,717.694662739213,732.9122314453125,711.8593952481671,732.9122314453125,12717200,0.0,0.0,0.021594438087548625
2025-10-10 00:00:00-04:00,730.3243364156914,734.6708280741015,703.9358854737135,704.7252197265625,16980100,0.0,0.0,-0.039217988314609
2025-10-13 00:00:00-04:00,712.4289500007787,719.353295154282,707.0633311027989,715.1167602539062,9251800,0.0,0.0,0.01463786283297029
2025-10-14 00:00:00-04:00,707.2032236513401,714.966850016347,698.7600977854659,708.072509765625,8829800,0.0,0.0,-0.009899327043387486
2025-10-15 00:00:00-04:00,716.4756800447307,723.3101331023296,708.9318445822669,716.9652709960938,10246800,0.0,0.0,0.012480899507072638
2025-10-16 00:00:00-04:00,716.9652609619593,724.898793146875,703.3064176322127,711.48974609375,9017000,0.0,0.0,-0.007666397128163029
2025-10-17 00:00:00-04:00,706.5038073054051,717.9544293541486,705.5445676686097,716.3357543945312,12232400,0.0,0.0,0.006787982013837044
2025-10-20 00:00:00-04:00,720.602270855396,733.1720358988009,719.5930841941394,731.5733032226562,8900200,0.0,0.0,0.0210484371375758
2025-10-21 00:00:00-04:00,735.4202444049121,737.898203963144,728.156149137632,732.6724853515625,7647300,0.0,0.0,0.0015013631508518518
2025-10-22 00:00:00-04:00,733.2320185457676,739.9964601984101,723.4400167690366,732.8123168945312,8734500,0.0,0.0,0.00019083315388704214
2025-10-23 00:00:00-04:00,734.1012972282697,741.8049752352916,732.5025644943078,733.40185546875,9856000,0.0,0.0,0.0008041643807585911
2025-10-24 00:00:00-04:00,736.1895728454068,740.6060149267306,730.5542151922721,737.75830078125,9151300,0.0,0.0,0.005922479653611209
2025-10-27 00:00:00-04:00,749.1189913399045,755.1341048828856,747.4004223192904,750.2081298828125,11321100,0.0,0.0,0.016734409300663694
2025-10-28 00:00:00-04:00,752.0166693998259,757.7819868095911,744.9124781386814,750.82763671875,12193800,0.0,0.0,0.0008254391865893537
2025-10-29 00:00:00-04:00,754.1349412128479,758.5413205942342,741.9049255575367,751.0574340820312,26818600,0.0,0.0,0.0003060119173459616
2025-10-30 00:00:00-04:00,668.6047496805471,680.405123547836,649.6401745693712,665.9268798828125,88440100,0.0,0.0,-0.1203022510996158
2025-10-31 00:00:00-04:00,673.9603724515775,674.3400676801817,645.0439523217459,647.8216552734375,56953200,0.0,0.0,-0.027564439419363672
2025-11-03 00:00:00-05:00,655.4654426520216,658.792746197499,635.6615861365713,637.1903686523438,33003600,0.0,0.0,-0.01654697231557618
2025-11-04 00:00:00-05:00,627.528160823027,641.2170082918374,625.4998468710925,626.8087768554688,27356600,0.0,0.0,-0.016426949787369673
2025-11-05 00:00:00-05:00,631.7947143740674,641.7066132741587,626.0293969573662,635.4317626953125,20219900,0.0,0.0,0.0136631960648558
2025-11-06 00:00:00-05:00,635.3318005623231,635.4817027165644,617.4963715076051,618.4356079101562,23628800,0.0,0.0,-0.027111632765790015
2025-11-07 00:00:00-05:00,615.9875913853423,621.6230097922952,600.7100736857968,621.203369140625,29946800,0.0,0.0,0.004465438536276326
2025-11-10 00:00:00-05:00,630.5757412925083,634.4825281361091,617.606277436272,631.2451782226562,19245000,0.0,0.0,0.016035827240922708
2025-11-11 00:00:00-05:00,627.4882640088713,629.0469903781388,618.8852946435945,626.5690307617188,13302200,0.0,0.0,-0.007435389059722185
2025-11-12 00:00:00-05:00,627.6181473129036,628.4774318700306,607.2747531328254,608.5137329101562,24493300,0.0,0.0,-0.029239472404906482
2025-11-13 00:00:00-05:00,612.5704066192014,617.1466913787408,602.5086055074847,609.3930053710938,20973800,0.0,0.0,0.0014439079546312203
2025-11-14 00:00:00-05:00,601.2995852054279,613.1799107961393,594.7149894844074,608.96337890625,20724100,0.0,0.0,-0.0007052558482812994
2025-11-17 00:00:00-05:00,608.54364845602,611.1915132655756,594.914810553651,601.5194091796875,16501300,0.0,0.0,-0.01229932988591982
2025-11-18 00:00:00-05:00,591.1178778321469,603.1680476389258,583.3043040560937,597.2029418945312,25500600,0.0,0.0,-0.007201811057902887
2025-11-19 00:00:00-05:00,593.236120814011,594.8448550993957,580.7763124672824,589.8389282226562,24744700,0.0,0.0,-0.01240749518392443
2025-11-20 00:00:00-05:00,603.0082035639184,606.225550290049,582.8745995478572,588.669921875,20603000,0.0,0.0,-0.001983874335724793
2025-11-21 00:00:00-05:00,588.0204327318114,597.6325885375659,581.38582901572,593.7657470703125,21052600,0.0,0.0,0.00861925409925716
2025-11-24 00:00:00-05:00,598.2320754408486,616.1974650582393,597.1429978306941,612.5504150390625,23554900,0.0,0.0,0.03114637292069064
2025-11-25 00:00:00-05:00,623.4914651316196,636.5308177101258,617.7960982049689,635.7014770507812,25213000,0.0,0.0,0.03709782814310947
2025-11-26 00:00:00-05:00,637.1703200291516,637.8397569399452,631.1152610365342,633.0936279296875,15209500,0.0,0.0,-0.0041107548148767445
2025-11-28 00:00:00-05:00,635.5616748244524,647.5218911860414,634.9821303911365,647.4219970703125,11033200,0.0,0.0,0.022379995844114292
2025-12-01 00:00:00-05:00,639.028785702615,644.7941029489796,637.2402664201815,640.3477172851562,13029900,0.0,0.0,-0.010986981398502604
2025-12-02 00:00:00-05:00,641.8165621493692,647.3420238521164,637.5500224020741,646.5726318359375,11640900,0.0,0.0,0.009674201055549482
2025-12-03 00:00:00-05:00,643.8848130159247,648.3211970895987,637.0304181904862,639.0787353515625,11134300,0.0,0.0,-0.011657874829207703
2025-12-04 00:00:00-05:00,675.4491463216154,675.5490404402168,659.512131337801,660.990966796875,29874600,0.0,0.0,0.03371251049329149
2025-12-05 00:00:00-05:00,663.4589092143041,674.1402004180294,661.8502358329807,672.8712158203125,21207900,0.0,0.0,0.017813779175403853
2025-12-08 00:00:00-05:00,668.7945609027437,676.1585499822719,664.528021142878,666.256591796875,13161000,0.0,0.0,-0.009879083658219613
2025-12-09 00:00:00-05:00,663.2291308887899,663.9385132978894,652.807637338328,656.4246826171875,12997100,0.0,0.0,-0.014866907788968167
2025-12-10 00:00:00-05:00,649.4203737252112,653.9766553823684,642.8757234590145,649.6002197265625,16910900,0.0,0.0,-0.010450834424699287
2025-12-11 00:00:00-05:00,642.7657334383907,654.7460135009795,640.2777724038347,652.1781005859375,13056700,0.0,0.0,0.003960557936591403
2025-12-12 00:00:00-05:00,649.2704855848336,710.4206277669183,638.0896015354143,643.7050170898438,14016900,0.0,0.0,-0.013077111861833347
2025-12-15 00:00:00-05:00,645.7000122070312,653.0,638.7000122070312,647.510009765625,15549100,0.525,0.0,0.005893679380504947
2025-12-16 00:00:00-05:00,643.5,662.5399780273438,643.2000122070312,657.1500244140625,14309100,0.0,0.0,0.014778087527754367
2025-12-17 00:00:00-05:00,655.6099853515625,661.22998046875,649.2000122070312,649.5,15598500,0.0,0.0,-0.011709503968792702
2025-12-18 00:00:00-05:00,657.030029296875,670.5599975585938,656.4600219726562,664.4500122070312,20260300,0.0,0.0,0.022756813038495007
2025-12-19 00:00:00-05:00,666.4199829101562,671.0,658.1799926757812,658.77001953125,49977100,0.0,0.0,-0.008585159575083596
2025-12-22 00:00:00-05:00,661.6500244140625,673.5800170898438,656.6500244140625,661.5,15659400,0.0,0.0,0.00413549398094484
2025-12-23 00:00:00-05:00,660.0499877929688,666.0,658.25,664.9400024414062,8486800,0.0,0.0,0.005186831137981822
2025-12-24 00:00:00-05:00,662.530029296875,668.1799926757812,662.2000122070312,667.5499877929688,5627500,0.0,0.0,0.003917460856794122
2025-12-26 00:00:00-05:00,668.0599975585938,668.9500122070312,661.3200073242188,663.2899780273438,7133800,0.0,0.0,-0.006402008393173236
2025-12-29 00:00:00-05:00,658.010009765625,660.25,654.3900146484375,658.6900024414062,8506500,0.0,0.0,-0.006959249336692101
2025-12-30 00:00:00-05:00,658.6900024414062,672.219970703125,657.8400268554688,665.9500122070312,9187500,0.0,0.0,0.01096159315737014
2025-12-31 00:00:00-05:00,664.75,665.0,659.4400024414062,660.0900268554688,7940400,0.0,0.0,-0.008838380932576455
2026-01-02 00:00:00-05:00,662.72998046875,664.3900146484375,643.5,650.4099731445312,13726500,0.0,0.0,-0.014773338065621023
2026-01-05 00:00:00-05:00,651.010009765625,664.5399780273438,647.75,658.7899780273438,12213700,0.0,0.0,0.012801893742596474
2026-01-06 00:00:00-05:00,659.5700073242188,665.52001953125,651.9000244140625,660.6199951171875,11074400,0.0,0.0,0.0027739948925622235
2026-01-07 00:00:00-05:00,655.6400146484375,659.1500244140625,644.8099975585938,648.6900024414062,12846300,0.0,0.0,-0.01822383219674455
2026-01-08 00:00:00-05:00,645.8800048828125,647.0999755859375,635.719970703125,646.0599975585938,11921700,0.0,0.0,-0.004062573469867062
2026-01-09 00:00:00-05:00,645.4400024414062,654.9500122070312,642.8499755859375,653.0599975585938,11621500,0.0,0.0,0.010776629983427929
